{"cameraMode":{"drawMode":0,"name":"Shaded","section":"Shading Mode"},"sceneLighting":true,"audioPlay":false,"sceneViewState":{"m_AlwaysRefresh":false,"showFog":true,"showSkybox":true,"showFlares":true,"showImageEffects":true,"showParticleSystems":true,"showVisualEffectGraphs":true,"m_FxEnabled":true},"in2DMode":false,"pivot":{"x":5.9426984786987309,"y":-1.3330388069152833,"z":-9.319202423095704},"rotation":{"x":0.004832987207919359,"y":0.9950363039970398,"z":-0.0780804306268692,"w":0.061572249978780749},"size":24.519933700561525,"orthographic":false}