{"cameraMode":{"drawMode":0,"name":"Shaded","section":"Shading Mode"},"sceneLighting":true,"audioPlay":false,"sceneViewState":{"m_AlwaysRefresh":false,"showFog":true,"showSkybox":true,"showFlares":true,"showImageEffects":true,"showParticleSystems":true,"showVisualEffectGraphs":true,"m_FxEnabled":true},"in2DMode":false,"pivot":{"x":-0.4451958239078522,"y":0.35748663544654848,"z":-0.8148080110549927},"rotation":{"x":-0.057550884783267978,"y":0.9258623123168945,"z":-0.1573198139667511,"w":-0.33869966864585879},"size":3.055934429168701,"orthographic":false}