{"cameraMode":{"drawMode":0,"name":"Shaded","section":"Shading Mode"},"sceneLighting":true,"audioPlay":false,"sceneViewState":{"m_AlwaysRefresh":false,"showFog":true,"showSkybox":true,"showFlares":true,"showImageEffects":true,"showParticleSystems":true,"showVisualEffectGraphs":true,"m_FxEnabled":true},"in2DMode":false,"pivot":{"x":1.0714350938796998,"y":1.7813034057617188,"z":3.0074362754821779},"rotation":{"x":0.07593635469675064,"y":0.514667809009552,"z":-0.04582805559039116,"w":0.8527916073799133},"size":1.2332600355148316,"orthographic":false}